DROP TABLE IF EXISTS django_migrations;
CREATE TABLE IF NOT EXISTS `django_migrations` (`id` integer NOT NULL PRIMARY KEY AUTO_INCREMENT, `app` varchar(255) NOT NULL, `name` varchar(255) NOT NULL, `applied` datetime NOT NULL);
INSERT INTO django_migrations VALUES(1,'contenttypes','0001_initial','2016-07-06 19:40:45.811936');
INSERT INTO django_migrations VALUES(2,'auth','0001_initial','2016-07-06 19:40:45.828347');
INSERT INTO django_migrations VALUES(3,'admin','0001_initial','2016-07-06 19:40:45.845405');
INSERT INTO django_migrations VALUES(4,'admin','0002_logentry_remove_auto_add','2016-07-06 19:40:45.857505');
INSERT INTO django_migrations VALUES(5,'api','0001_initial','2016-07-06 19:40:45.871620');
INSERT INTO django_migrations VALUES(6,'contenttypes','0002_remove_content_type_name','2016-07-06 19:40:45.904813');
INSERT INTO django_migrations VALUES(7,'auth','0002_alter_permission_name_max_length','2016-07-06 19:40:45.917979');
INSERT INTO django_migrations VALUES(8,'auth','0003_alter_user_email_max_length','2016-07-06 19:40:45.931840');
INSERT INTO django_migrations VALUES(9,'auth','0004_alter_user_username_opts','2016-07-06 19:40:45.942671');
INSERT INTO django_migrations VALUES(10,'auth','0005_alter_user_last_login_null','2016-07-06 19:40:45.955820');
INSERT INTO django_migrations VALUES(11,'auth','0006_require_contenttypes_0002','2016-07-06 19:40:45.956891');
INSERT INTO django_migrations VALUES(12,'auth','0007_alter_validators_add_error_messages','2016-07-06 19:40:45.967700');
INSERT INTO django_migrations VALUES(13,'auth','0008_alter_user_username_max_length','2016-07-06 19:40:45.979048');
INSERT INTO django_migrations VALUES(14,'sessions','0001_initial','2016-07-06 19:40:45.986273');
INSERT INTO django_migrations VALUES(15,'api','0002_auto_20160706_1945','2016-07-06 19:45:36.155682');
INSERT INTO django_migrations VALUES(16,'api','0003_userprofile','2016-07-14 17:13:37.823522');
INSERT INTO django_migrations VALUES(17,'api','0004_userprofile_external_id','2016-07-20 17:17:52.171040');
INSERT INTO django_migrations VALUES(18,'api','0005_auto_20160728_1724','2016-07-28 17:25:05.229219');
DROP TABLE IF EXISTS auth_group;
CREATE TABLE IF NOT EXISTS `auth_group` (`id` integer NOT NULL PRIMARY KEY AUTO_INCREMENT, `name` varchar(80) NOT NULL UNIQUE);
DROP TABLE IF EXISTS auth_group_permissions;
CREATE TABLE IF NOT EXISTS `auth_group_permissions` (`id` integer NOT NULL PRIMARY KEY AUTO_INCREMENT, `group_id` integer NOT NULL REFERENCES `auth_group` (`id`), `permission_id` integer NOT NULL REFERENCES `auth_permission` (`id`));
DROP TABLE IF EXISTS auth_user_groups;
CREATE TABLE IF NOT EXISTS `auth_user_groups` (`id` integer NOT NULL PRIMARY KEY AUTO_INCREMENT, `user_id` integer NOT NULL REFERENCES `auth_user` (`id`), `group_id` integer NOT NULL REFERENCES `auth_group` (`id`));
DROP TABLE IF EXISTS auth_user_user_permissions;
CREATE TABLE IF NOT EXISTS `auth_user_user_permissions` (`id` integer NOT NULL PRIMARY KEY AUTO_INCREMENT, `user_id` integer NOT NULL REFERENCES `auth_user` (`id`), `permission_id` integer NOT NULL REFERENCES `auth_permission` (`id`));
DROP TABLE IF EXISTS django_admin_log;
CREATE TABLE IF NOT EXISTS `django_admin_log` (`id` integer NOT NULL PRIMARY KEY AUTO_INCREMENT, `object_id` text NULL, `object_repr` varchar(200) NOT NULL, `action_flag` smallint unsigned NOT NULL, `change_message` text NOT NULL, `content_type_id` integer NULL REFERENCES `django_content_type` (`id`), `user_id` integer NOT NULL REFERENCES `auth_user` (`id`), `action_time` datetime NOT NULL);
INSERT INTO django_admin_log VALUES(1,'1','Image object',1,'[{\'added\': {}}]',7,1,'2016-07-06 19:42:25.316667');
INSERT INTO django_admin_log VALUES(2,'2','ryan',1,'[{\'added\': {}}]',3,1,'2016-07-06 19:44:13.449926');
INSERT INTO django_admin_log VALUES(3,'2','Image object',2,'[{\'changed\': {\'fields\': [\'description\', \'name\']}}]',7,1,'2016-07-07 01:25:16.120791');
INSERT INTO django_admin_log VALUES(4,'1','Image object',2,'[]',7,1,'2016-07-07 01:25:22.243268');
INSERT INTO django_admin_log VALUES(5,'5','cirros-0.3.4-x86_64-uec-kernel',3,'',7,1,'2016-07-07 16:32:38.178008');
INSERT INTO django_admin_log VALUES(6,'4','cirros-0.3.4-x86_64-uec-ramdisk',3,'',7,1,'2016-07-07 16:32:38.180926');
INSERT INTO django_admin_log VALUES(7,'3','cirros-0.3.4-x86_64-uec',3,'',7,1,'2016-07-07 16:32:38.182000');
INSERT INTO django_admin_log VALUES(8,'8','cirros-0.3.4-x86_64-uec-kernel',3,'',7,1,'2016-07-07 16:34:51.657587');
INSERT INTO django_admin_log VALUES(9,'7','cirros-0.3.4-x86_64-uec-ramdisk',3,'',7,1,'2016-07-07 16:34:51.660821');
INSERT INTO django_admin_log VALUES(10,'6','cirros-0.3.4-x86_64-uec',3,'',7,1,'2016-07-07 16:34:51.661921');
INSERT INTO django_admin_log VALUES(11,'2','machine learning',3,'',7,1,'2016-07-07 17:04:15.527647');
INSERT INTO django_admin_log VALUES(12,'1','MLIMAGE',3,'',7,1,'2016-07-07 17:04:15.530813');
INSERT INTO django_admin_log VALUES(13,'11','cirros-0.3.4-x86_64-uec-kernel',2,'[{\'changed\': {\'fields\': [\'description\']}}]',7,1,'2016-07-07 17:04:54.410848');
INSERT INTO django_admin_log VALUES(14,'10','cirros-0.3.4-x86_64-uec-ramdisk',2,'[{\'changed\': {\'fields\': [\'description\']}}]',7,1,'2016-07-07 17:05:01.111727');
INSERT INTO django_admin_log VALUES(15,'9','cirros-0.3.4-x86_64-uec',2,'[{\'changed\': {\'fields\': [\'description\']}}]',7,1,'2016-07-07 17:05:13.931367');
INSERT INTO django_admin_log VALUES(16,'11','cirros-0.3.4-x86_64-uec-kernel',3,'',7,1,'2016-07-07 18:22:19.972362');
INSERT INTO django_admin_log VALUES(17,'10','cirros-0.3.4-x86_64-uec-ramdisk',3,'',7,1,'2016-07-07 18:22:19.975958');
INSERT INTO django_admin_log VALUES(18,'9','cirros-0.3.4-x86_64-uec',3,'',7,1,'2016-07-07 18:22:19.977483');
INSERT INTO django_admin_log VALUES(19,'5','PaulRad',3,'',3,1,'2016-07-07 18:34:56.333003');
INSERT INTO django_admin_log VALUES(20,'4','brandon',3,'',3,1,'2016-07-08 16:41:04.204270');
INSERT INTO django_admin_log VALUES(21,'3','greg',3,'',3,1,'2016-07-08 16:41:04.207940');
INSERT INTO django_admin_log VALUES(22,'2','ryan',3,'',3,1,'2016-07-08 16:41:04.209512');
INSERT INTO django_admin_log VALUES(23,'14','cirros-0.3.4-x86_64-uec-kernel',2,'[{\'changed\': {\'fields\': [\'description\']}}]',7,1,'2016-07-08 18:17:14.811397');
INSERT INTO django_admin_log VALUES(24,'13','cirros-0.3.4-x86_64-uec-ramdisk',2,'[{\'changed\': {\'fields\': [\'description\']}}]',7,1,'2016-07-08 18:17:23.964728');
INSERT INTO django_admin_log VALUES(25,'12','cirros-0.3.4-x86_64-uec',2,'[{\'changed\': {\'fields\': [\'description\']}}]',7,1,'2016-07-08 18:17:31.068601');
INSERT INTO django_admin_log VALUES(26,'1','admin',2,'[{\'changed\': {\'fields\': [\'user\']}}]',10,1,'2016-07-14 17:34:02.653083');
INSERT INTO django_admin_log VALUES(27,'1','greg',2,'[{\'changed\': {\'fields\': [\'user\']}}]',10,1,'2016-07-14 17:34:07.221239');
INSERT INTO django_admin_log VALUES(28,'6','brandon-14',3,'',8,1,'2016-07-14 17:45:44.411762');
INSERT INTO django_admin_log VALUES(29,'5','brandon-13',3,'',8,1,'2016-07-14 17:45:44.415009');
INSERT INTO django_admin_log VALUES(30,'4','brandon-12',3,'',8,1,'2016-07-14 17:45:44.416085');
INSERT INTO django_admin_log VALUES(31,'7','brandon',3,'',3,1,'2016-07-14 17:45:52.281399');
INSERT INTO django_admin_log VALUES(32,'9','brandon',3,'',3,1,'2016-07-14 17:48:06.037115');
INSERT INTO django_admin_log VALUES(33,'6','PaulRad',3,'',3,1,'2016-07-14 18:56:21.990759');
INSERT INTO django_admin_log VALUES(34,'10','brandon',3,'',3,1,'2016-07-14 18:56:21.993927');
INSERT INTO django_admin_log VALUES(35,'8','greg',3,'',3,1,'2016-07-14 18:56:21.995605');
INSERT INTO django_admin_log VALUES(36,'14','cirros-0.3.4-x86_64-uec-kernel',3,'',7,1,'2016-07-14 19:15:37.804640');
INSERT INTO django_admin_log VALUES(37,'13','cirros-0.3.4-x86_64-uec-ramdisk',3,'',7,1,'2016-07-14 19:15:37.807707');
INSERT INTO django_admin_log VALUES(38,'12','cirros-0.3.4-x86_64-uec',3,'',7,1,'2016-07-14 19:15:37.808872');
INSERT INTO django_admin_log VALUES(39,'11','superhooks',3,'',3,1,'2016-07-14 19:17:16.173803');
INSERT INTO django_admin_log VALUES(40,'12','superhooks',3,'',3,1,'2016-07-14 19:25:44.270119');
INSERT INTO django_admin_log VALUES(41,'13','superhooks',3,'',3,1,'2016-07-14 19:30:49.470213');
INSERT INTO django_admin_log VALUES(42,'14','superhooks',3,'',3,1,'2016-07-14 19:34:06.307146');
INSERT INTO django_admin_log VALUES(43,'15','superhooks',3,'',3,1,'2016-07-14 20:15:09.164595');
INSERT INTO django_admin_log VALUES(44,'16','superhooks',3,'',3,1,'2016-07-14 20:16:11.754134');
INSERT INTO django_admin_log VALUES(45,'17','superhooks',3,'',3,1,'2016-07-14 20:21:50.016701');
INSERT INTO django_admin_log VALUES(46,'18','superhooks',3,'',3,1,'2016-07-14 20:23:50.384153');
INSERT INTO django_admin_log VALUES(47,'19','superhooks',3,'',3,1,'2016-07-14 20:25:52.812315');
INSERT INTO django_admin_log VALUES(48,'20','superhooks',3,'',3,1,'2016-07-14 20:26:58.282706');
INSERT INTO django_admin_log VALUES(49,'21','superhooks',3,'',3,1,'2016-07-14 20:28:22.965642');
INSERT INTO django_admin_log VALUES(50,'22','superhooks',3,'',3,1,'2016-07-14 20:29:08.945475');
INSERT INTO django_admin_log VALUES(51,'23','superhooks',3,'',3,1,'2016-07-15 16:28:55.158132');
INSERT INTO django_admin_log VALUES(52,'24','superhooks',3,'',3,1,'2016-07-15 16:32:28.027199');
INSERT INTO django_admin_log VALUES(53,'25','superhooks',3,'',3,1,'2016-07-15 16:44:50.014241');
INSERT INTO django_admin_log VALUES(54,'26','superhooks',3,'',3,1,'2016-07-18 16:52:07.964172');
INSERT INTO django_admin_log VALUES(55,'27','superhooks',3,'',3,1,'2016-07-18 16:54:53.879611');
INSERT INTO django_admin_log VALUES(56,'28','superhooks',3,'',3,1,'2016-07-18 16:56:01.607369');
INSERT INTO django_admin_log VALUES(57,'29','superhooks',3,'',3,1,'2016-07-18 17:40:12.302221');
INSERT INTO django_admin_log VALUES(58,'30','superhooks',3,'',3,1,'2016-07-18 17:42:16.141271');
INSERT INTO django_admin_log VALUES(59,'31','superhooks',3,'',3,1,'2016-07-18 17:44:19.392757');
INSERT INTO django_admin_log VALUES(60,'32','superhooks',3,'',3,1,'2016-07-18 17:53:56.062335');
INSERT INTO django_admin_log VALUES(61,'33','superhooks',3,'',3,1,'2016-07-20 16:12:11.873827');
INSERT INTO django_admin_log VALUES(62,'34','superhooks',3,'',3,1,'2016-07-20 16:24:44.933758');
INSERT INTO django_admin_log VALUES(63,'35','superhooks',3,'',3,1,'2016-07-20 17:18:07.068171');
INSERT INTO django_admin_log VALUES(64,'59','superhooks-17',3,'',8,1,'2016-07-22 16:22:28.900334');
INSERT INTO django_admin_log VALUES(65,'58','superhooks-16',3,'',8,1,'2016-07-22 16:22:28.903368');
INSERT INTO django_admin_log VALUES(66,'57','superhooks-15',3,'',8,1,'2016-07-22 16:22:28.904640');
INSERT INTO django_admin_log VALUES(67,'36','superhooks',3,'',3,1,'2016-07-22 16:22:38.285472');
INSERT INTO django_admin_log VALUES(68,'37','superhooks',3,'',3,1,'2016-07-26 19:03:23.530758');
INSERT INTO django_admin_log VALUES(69,'38','superhooks',3,'',3,1,'2016-07-26 19:06:03.041759');
INSERT INTO django_admin_log VALUES(70,'39','superhooks',3,'',3,1,'2016-07-26 19:07:27.373550');
INSERT INTO django_admin_log VALUES(71,'40','superhooks',3,'',3,1,'2016-07-26 19:08:51.455396');
INSERT INTO django_admin_log VALUES(72,'41','superhooks',3,'',3,1,'2016-07-26 19:11:48.346127');
INSERT INTO django_admin_log VALUES(73,'42','superhooks',3,'',3,1,'2016-07-26 19:16:44.018063');
INSERT INTO django_admin_log VALUES(74,'43','superhooks',3,'',3,1,'2016-07-26 19:20:02.891805');
INSERT INTO django_admin_log VALUES(75,'42','Ubuntu-Server-14.04-LTS',3,'',7,1,'2016-07-28 16:53:28.218357');
INSERT INTO django_admin_log VALUES(76,'41','CentOS-7-2015',3,'',7,1,'2016-07-28 16:53:28.222279');
INSERT INTO django_admin_log VALUES(77,'40','Fedora-20',3,'',7,1,'2016-07-28 16:53:28.223952');
INSERT INTO django_admin_log VALUES(78,'39','CentOS-6',3,'',7,1,'2016-07-28 16:53:28.225066');
INSERT INTO django_admin_log VALUES(79,'38','CC-C7-autologin',3,'',7,1,'2016-07-28 16:53:28.226094');
INSERT INTO django_admin_log VALUES(80,'37','cirros-0.3.4-x86_64',3,'',7,1,'2016-07-28 16:53:28.227459');
INSERT INTO django_admin_log VALUES(81,'36','jpetstore-cody',3,'',7,1,'2016-07-28 16:53:28.228414');
INSERT INTO django_admin_log VALUES(82,'35','cometcloudWorkerKepler',3,'',7,1,'2016-07-28 16:53:28.229578');
INSERT INTO django_admin_log VALUES(83,'34','Kali_kartheek_1',3,'',7,1,'2016-07-28 16:53:28.230774');
INSERT INTO django_admin_log VALUES(84,'33','CC-CENTOS-3656275b-824c-4e3b-bdb1-fe7a61e77eaf',3,'',7,1,'2016-07-28 16:53:28.231934');
INSERT INTO django_admin_log VALUES(85,'32','CC-CENTOS-dibbs',3,'',7,1,'2016-07-28 16:53:28.233019');
INSERT INTO django_admin_log VALUES(86,'31','CC-Ubuntu14.04',3,'',7,1,'2016-07-28 16:53:28.234013');
INSERT INTO django_admin_log VALUES(87,'30','cometcloudWorkerDocker',3,'',7,1,'2016-07-28 16:53:28.234949');
INSERT INTO django_admin_log VALUES(88,'29','Spark-ML',3,'',7,1,'2016-07-28 16:53:28.235894');
INSERT INTO django_admin_log VALUES(89,'28','Ceph',3,'',7,1,'2016-07-28 16:53:28.236868');
INSERT INTO django_admin_log VALUES(90,'27','ceph2',3,'',7,1,'2016-07-28 16:53:28.237794');
INSERT INTO django_admin_log VALUES(91,'26','ceph3',3,'',7,1,'2016-07-28 16:53:28.238757');
INSERT INTO django_admin_log VALUES(92,'25','ceph1',3,'',7,1,'2016-07-28 16:53:28.239674');
INSERT INTO django_admin_log VALUES(93,'24','CC-Ubuntu16.04',3,'',7,1,'2016-07-28 16:53:28.240630');
INSERT INTO django_admin_log VALUES(94,'23','Ubuntu 14.04 Cloud Ready',3,'',7,1,'2016-07-28 16:53:28.241490');
INSERT INTO django_admin_log VALUES(95,'22','CC-CentOS7',3,'',7,1,'2016-07-28 16:53:28.242376');
INSERT INTO django_admin_log VALUES(96,'21','snapshot-kiumars-thur-21-07-at-1548',3,'',7,1,'2016-07-28 16:53:28.243232');
INSERT INTO django_admin_log VALUES(97,'20','line_counter_image',3,'',7,1,'2016-07-28 16:53:28.244056');
INSERT INTO django_admin_log VALUES(98,'19','line_counter_appliance',3,'',7,1,'2016-07-28 16:53:28.244874');
INSERT INTO django_admin_log VALUES(99,'18','dibbs-snapshot-image2',3,'',7,1,'2016-07-28 16:53:28.245725');
INSERT INTO django_admin_log VALUES(100,'17','cirros-0.3.4-x86_64-uec-kernel',3,'',7,1,'2016-07-28 16:53:28.246640');
INSERT INTO django_admin_log VALUES(101,'16','cirros-0.3.4-x86_64-uec-ramdisk',3,'',7,1,'2016-07-28 16:53:28.247486');
INSERT INTO django_admin_log VALUES(102,'15','cirros-0.3.4-x86_64-uec',3,'',7,1,'2016-07-28 16:53:28.248319');
INSERT INTO django_admin_log VALUES(103,'44','superhooks',3,'',3,1,'2016-07-28 16:53:36.072617');
INSERT INTO django_admin_log VALUES(104,'fc507be9-41e4-4c2c-b142-5c4256f8a814','Ubuntu-Server-14.04-LTS',3,'',7,1,'2016-07-28 17:25:34.766809');
INSERT INTO django_admin_log VALUES(105,'e169f5ba-a89b-4969-9c1c-87079e2876c0','CC-Ubuntu14.04',3,'',7,1,'2016-07-28 17:25:34.770010');
INSERT INTO django_admin_log VALUES(106,'be46bd5a-c4a5-4495-ad30-356186d8ff04','CC-C7-autologin',3,'',7,1,'2016-07-28 17:25:34.771200');
INSERT INTO django_admin_log VALUES(107,'ae903537-7618-4c49-9538-e42edadca4d2','dibbs-snapshot-image2',3,'',7,1,'2016-07-28 17:25:34.772136');
INSERT INTO django_admin_log VALUES(108,'a80ee7be-e7ef-47ec-b7f3-b8b003444784','Fedora-20',3,'',7,1,'2016-07-28 17:25:34.773049');
INSERT INTO django_admin_log VALUES(109,'a6f94bf0-878a-4730-b31f-cd367e351863','cirros-0.3.4-x86_64',3,'',7,1,'2016-07-28 17:25:34.773947');
INSERT INTO django_admin_log VALUES(110,'940c196d-84db-4f8f-8a1b-90711192f28c','snapshot-kiumars-thur-21-07-at-1548',3,'',7,1,'2016-07-28 17:25:34.774800');
INSERT INTO django_admin_log VALUES(111,'8eaefc2e-f5c1-4dbd-8d6f-42381395ecf2','CC-CentOS7',3,'',7,1,'2016-07-28 17:25:34.775671');
INSERT INTO django_admin_log VALUES(112,'8426d712-9742-4eff-81cf-d886a4ba2cdd','CC-CENTOS-3656275b-824c-4e3b-bdb1-fe7a61e77eaf',3,'',7,1,'2016-07-28 17:25:34.776494');
INSERT INTO django_admin_log VALUES(113,'5d6a73e3-7978-4acf-be06-245ffb8198d2','CentOS-7-2015',3,'',7,1,'2016-07-28 17:25:34.777301');
INSERT INTO django_admin_log VALUES(114,'51f0527f-fe63-4ed4-8c69-5e3e7ae05fa7','cometcloudWorkerDocker',3,'',7,1,'2016-07-28 17:25:34.778224');
INSERT INTO django_admin_log VALUES(115,'4e969bc9-16ac-425a-9a83-3f9b1d3a1a63','line_counter_image',3,'',7,1,'2016-07-28 17:25:34.779079');
INSERT INTO django_admin_log VALUES(116,'4900d8df-2c47-417d-953b-d87dbfefe81b','CC-CENTOS-dibbs',3,'',7,1,'2016-07-28 17:25:34.779947');
INSERT INTO django_admin_log VALUES(117,'33131133-ee42-4ed0-95d3-6bd7764e661c','cometcloudWorkerKepler',3,'',7,1,'2016-07-28 17:25:34.780830');
INSERT INTO django_admin_log VALUES(118,'31982017-34ec-4b11-81d2-1a6aa5508c6b','line_counter_appliance',3,'',7,1,'2016-07-28 17:25:34.781677');
INSERT INTO django_admin_log VALUES(119,'0c332299-efd3-4705-84d1-6903674eec74','Kali_kartheek_1',3,'',7,1,'2016-07-28 17:25:34.782546');
INSERT INTO django_admin_log VALUES(120,'07e8ab88-6298-4aaf-b9d6-8fd3dcfa8fe8','jpetstore-cody',3,'',7,1,'2016-07-28 17:25:34.783353');
INSERT INTO django_admin_log VALUES(121,'0686af56-9246-41be-91c1-d43d6c817f83','CentOS-6',3,'',7,1,'2016-07-28 17:25:34.784172');
INSERT INTO django_admin_log VALUES(122,'0359a8d0-cf7c-481c-b2dc-dab3160f1ce3','test image',3,'',7,1,'2016-07-28 17:25:34.784932');
INSERT INTO django_admin_log VALUES(123,'01a6d6d1-e692-4e86-b776-dbb387c64958','CC-Ubuntu16.04',3,'',7,1,'2016-07-28 17:25:34.786133');
INSERT INTO django_admin_log VALUES(124,'fc507be9-41e4-4c2c-b142-5c4256f8a814','Ubuntu-Server-14.04-LTS',3,'',7,1,'2016-07-28 17:32:46.480039');
INSERT INTO django_admin_log VALUES(125,'e169f5ba-a89b-4969-9c1c-87079e2876c0','CC-Ubuntu14.04',3,'',7,1,'2016-07-28 17:32:46.483654');
INSERT INTO django_admin_log VALUES(126,'be46bd5a-c4a5-4495-ad30-356186d8ff04','CC-C7-autologin',3,'',7,1,'2016-07-28 17:32:46.484719');
INSERT INTO django_admin_log VALUES(127,'ae903537-7618-4c49-9538-e42edadca4d2','dibbs-snapshot-image2',3,'',7,1,'2016-07-28 17:32:46.485603');
INSERT INTO django_admin_log VALUES(128,'a80ee7be-e7ef-47ec-b7f3-b8b003444784','Fedora-20',3,'',7,1,'2016-07-28 17:32:46.486452');
INSERT INTO django_admin_log VALUES(129,'a6f94bf0-878a-4730-b31f-cd367e351863','cirros-0.3.4-x86_64',3,'',7,1,'2016-07-28 17:32:46.487410');
INSERT INTO django_admin_log VALUES(130,'940c196d-84db-4f8f-8a1b-90711192f28c','snapshot-kiumars-thur-21-07-at-1548',3,'',7,1,'2016-07-28 17:32:46.488233');
INSERT INTO django_admin_log VALUES(131,'8eaefc2e-f5c1-4dbd-8d6f-42381395ecf2','CC-CentOS7',3,'',7,1,'2016-07-28 17:32:46.489190');
INSERT INTO django_admin_log VALUES(132,'8426d712-9742-4eff-81cf-d886a4ba2cdd','CC-CENTOS-3656275b-824c-4e3b-bdb1-fe7a61e77eaf',3,'',7,1,'2016-07-28 17:32:46.490018');
INSERT INTO django_admin_log VALUES(133,'5d6a73e3-7978-4acf-be06-245ffb8198d2','CentOS-7-2015',3,'',7,1,'2016-07-28 17:32:46.491074');
INSERT INTO django_admin_log VALUES(134,'51f0527f-fe63-4ed4-8c69-5e3e7ae05fa7','cometcloudWorkerDocker',3,'',7,1,'2016-07-28 17:32:46.492216');
INSERT INTO django_admin_log VALUES(135,'4e969bc9-16ac-425a-9a83-3f9b1d3a1a63','line_counter_image',3,'',7,1,'2016-07-28 17:32:46.493380');
INSERT INTO django_admin_log VALUES(136,'4900d8df-2c47-417d-953b-d87dbfefe81b','CC-CENTOS-dibbs',3,'',7,1,'2016-07-28 17:32:46.494387');
INSERT INTO django_admin_log VALUES(137,'33131133-ee42-4ed0-95d3-6bd7764e661c','cometcloudWorkerKepler',3,'',7,1,'2016-07-28 17:32:46.495356');
INSERT INTO django_admin_log VALUES(138,'31982017-34ec-4b11-81d2-1a6aa5508c6b','line_counter_appliance',3,'',7,1,'2016-07-28 17:32:46.496412');
INSERT INTO django_admin_log VALUES(139,'0c332299-efd3-4705-84d1-6903674eec74','Kali_kartheek_1',3,'',7,1,'2016-07-28 17:32:46.497463');
INSERT INTO django_admin_log VALUES(140,'07e8ab88-6298-4aaf-b9d6-8fd3dcfa8fe8','jpetstore-cody',3,'',7,1,'2016-07-28 17:32:46.498421');
INSERT INTO django_admin_log VALUES(141,'0686af56-9246-41be-91c1-d43d6c817f83','CentOS-6',3,'',7,1,'2016-07-28 17:32:46.499328');
INSERT INTO django_admin_log VALUES(142,'0359a8d0-cf7c-481c-b2dc-dab3160f1ce3','test image',3,'',7,1,'2016-07-28 17:32:46.500106');
INSERT INTO django_admin_log VALUES(143,'01a6d6d1-e692-4e86-b776-dbb387c64958','CC-Ubuntu16.04',3,'',7,1,'2016-07-28 17:32:46.501211');
INSERT INTO django_admin_log VALUES(144,'0359a8d0-cf7c-481c-b2dc-dab3160f1ce3','test image',3,'',7,1,'2016-07-28 17:35:36.205484');
INSERT INTO django_admin_log VALUES(145,'45','superhooks',3,'',3,1,'2016-07-28 18:13:11.253710');
INSERT INTO django_admin_log VALUES(146,'46','superhooks',3,'',3,1,'2016-07-28 18:14:41.804550');
INSERT INTO django_admin_log VALUES(147,'47','superhooks',3,'',3,1,'2016-07-28 18:16:04.204951');
INSERT INTO django_admin_log VALUES(148,'48','superhooks',3,'',3,1,'2016-07-28 18:18:10.277113');
INSERT INTO django_admin_log VALUES(149,'49','superhooks',3,'',3,1,'2016-07-28 18:19:59.220330');
INSERT INTO django_admin_log VALUES(150,'50','superhooks',3,'',3,1,'2016-07-28 20:22:58.276587');
INSERT INTO django_admin_log VALUES(151,'51','superhooks',3,'',3,1,'2016-08-02 16:47:53.947340');
INSERT INTO django_admin_log VALUES(152,'54','testuser2',3,'',3,1,'2016-08-02 16:57:39.232491');
INSERT INTO django_admin_log VALUES(153,'53','testuser',3,'',3,1,'2016-08-02 16:57:39.241521');
INSERT INTO django_admin_log VALUES(154,'55','testuser',3,'',3,1,'2016-08-02 17:01:14.410081');
INSERT INTO django_admin_log VALUES(155,'56','testuser',3,'',3,1,'2016-08-02 18:42:30.668838');
INSERT INTO django_admin_log VALUES(156,'57','testuser2',3,'',3,1,'2016-08-02 18:42:30.677985');
INSERT INTO django_admin_log VALUES(157,'61','testuser4',3,'',3,1,'2016-08-02 18:42:30.684732');
INSERT INTO django_admin_log VALUES(158,'63','testuser',3,'',3,1,'2016-08-02 19:08:15.331266');
INSERT INTO django_admin_log VALUES(159,'64','testuser',3,'',3,1,'2016-08-02 19:23:55.441379');
INSERT INTO django_admin_log VALUES(160,'65','testuser',3,'',3,1,'2016-08-02 19:37:17.534414');
INSERT INTO django_admin_log VALUES(161,'66','testuser',3,'',3,1,'2016-08-02 19:50:53.662015');
INSERT INTO django_admin_log VALUES(162,'67','testuser',3,'',3,1,'2016-08-03 15:59:06.287571');
INSERT INTO django_admin_log VALUES(163,'68','superhooks',3,'',3,1,'2016-08-03 16:09:48.497526');
INSERT INTO django_admin_log VALUES(164,'69','superhooks',3,'',3,1,'2016-08-03 16:17:50.290178');
INSERT INTO django_admin_log VALUES(165,'70','testuser',3,'',3,1,'2016-08-03 16:51:58.602506');
INSERT INTO django_admin_log VALUES(166,'71','testuser',3,'',3,1,'2016-08-03 16:55:34.643419');
INSERT INTO django_admin_log VALUES(167,'74','testuser',3,'',3,1,'2016-08-03 17:12:35.721398');
INSERT INTO django_admin_log VALUES(168,'75','testuser',3,'',3,1,'2016-08-03 17:15:11.855217');
INSERT INTO django_admin_log VALUES(169,'76','testuser',3,'',3,1,'2016-08-03 17:19:15.539533');
INSERT INTO django_admin_log VALUES(170,'77','testuser',3,'',3,1,'2016-08-03 17:22:30.549046');
INSERT INTO django_admin_log VALUES(171,'78','paul',3,'',3,1,'2016-08-03 17:47:20.029815');
INSERT INTO django_admin_log VALUES(172,'79','paul',3,'',3,1,'2016-08-03 17:51:01.634281');
INSERT INTO django_admin_log VALUES(173,'80','paul',3,'',3,1,'2016-08-03 18:13:50.052672');
INSERT INTO django_admin_log VALUES(174,'81','paul2',3,'',3,1,'2016-08-03 18:54:02.007226');
INSERT INTO django_admin_log VALUES(175,'82','paul2',3,'',3,1,'2016-08-03 19:01:26.968678');
INSERT INTO django_admin_log VALUES(176,'83','paul2',3,'',3,1,'2016-08-03 19:18:05.169017');
INSERT INTO django_admin_log VALUES(177,'72','ryan',3,'',3,1,'2016-08-03 19:18:05.177749');
INSERT INTO django_admin_log VALUES(178,'84','paul2',3,'',3,1,'2016-08-03 19:21:57.061451');
INSERT INTO django_admin_log VALUES(179,'85','paul2',3,'',3,1,'2016-08-03 19:24:06.125000');
INSERT INTO django_admin_log VALUES(180,'86','randomGuy',3,'',3,1,'2016-08-03 19:38:22.368990');
INSERT INTO django_admin_log VALUES(181,'88','paul',3,'',3,1,'2016-08-03 19:39:59.199048');
INSERT INTO django_admin_log VALUES(182,'89','paul',3,'',3,1,'2016-08-03 19:42:18.212142');
INSERT INTO django_admin_log VALUES(183,'90','randomGuy',3,'',3,1,'2016-08-04 15:31:15.935207');
INSERT INTO django_admin_log VALUES(184,'91','brandon2',3,'',3,1,'2016-08-04 16:15:05.972793');
INSERT INTO django_admin_log VALUES(185,'92','paul',3,'',3,1,'2016-08-04 20:50:21.740094');
INSERT INTO django_admin_log VALUES(186,'93','testuser',3,'',3,1,'2016-08-05 15:58:15.691107');
INSERT INTO django_admin_log VALUES(187,'94','testuser',3,'',3,1,'2016-08-11 15:21:41.855922');
INSERT INTO django_admin_log VALUES(188,'95','testuser',3,'',3,1,'2016-08-11 15:27:37.622808');
INSERT INTO django_admin_log VALUES(189,'96','testuser',3,'',3,1,'2016-08-11 15:35:22.571245');
INSERT INTO django_admin_log VALUES(190,'97','testuser',3,'',3,1,'2016-08-11 16:08:12.355854');
INSERT INTO django_admin_log VALUES(191,'98','testuser2',3,'',3,1,'2016-08-11 16:08:12.364626');
INSERT INTO django_admin_log VALUES(192,'99','testuser',3,'',3,1,'2016-08-11 16:14:45.236264');
INSERT INTO django_admin_log VALUES(193,'100','testuser',3,'',3,1,'2016-08-11 16:20:47.628002');
INSERT INTO django_admin_log VALUES(194,'101','paul',3,'',3,1,'2016-08-11 16:29:14.173983');
INSERT INTO django_admin_log VALUES(195,'102','paul2',3,'',3,1,'2016-08-11 16:29:14.184789');
INSERT INTO django_admin_log VALUES(196,'103','ryan',3,'',3,1,'2016-08-12 16:47:23.212494');
INSERT INTO django_admin_log VALUES(197,'105','superhooks',3,'',3,1,'2016-08-12 16:47:23.222581');
INSERT INTO django_admin_log VALUES(198,'106','superhooks',3,'',3,1,'2016-08-12 17:09:40.533916');
INSERT INTO django_admin_log VALUES(199,'107','superhooks',3,'',3,1,'2016-08-12 17:29:04.964295');
INSERT INTO django_admin_log VALUES(200,'108','superhooks',3,'',3,1,'2016-08-12 17:33:09.200136');
INSERT INTO django_admin_log VALUES(201,'111','superhooks',3,'',3,1,'2016-08-15 18:35:09.088680');
INSERT INTO django_admin_log VALUES(202,'112','ryan',3,'',3,1,'2016-08-15 19:59:40.324627');
INSERT INTO django_admin_log VALUES(203,'113','ryan',3,'',3,1,'2016-08-15 20:07:50.240543');
INSERT INTO django_admin_log VALUES(204,'114','ryan',3,'',3,1,'2016-08-15 20:33:42.420925');
INSERT INTO django_admin_log VALUES(205,'115','ryan',3,'',3,1,'2016-08-15 20:47:15.777052');
INSERT INTO django_admin_log VALUES(206,'116','ryan',3,'',3,1,'2016-08-15 20:59:22.545232');
INSERT INTO django_admin_log VALUES(207,'117','ryan',3,'',3,1,'2016-11-10 18:30:45.701257');
INSERT INTO django_admin_log VALUES(208,'104','testuser',3,'',3,1,'2016-11-10 18:30:45.712660');
DROP TABLE IF EXISTS django_content_type;
CREATE TABLE IF NOT EXISTS `django_content_type` (`id` integer NOT NULL PRIMARY KEY AUTO_INCREMENT, `app_label` varchar(100) NOT NULL, `model` varchar(100) NOT NULL);
INSERT INTO django_content_type VALUES(1,'admin','logentry');
INSERT INTO django_content_type VALUES(2,'auth','permission');
INSERT INTO django_content_type VALUES(3,'auth','user');
INSERT INTO django_content_type VALUES(4,'auth','group');
INSERT INTO django_content_type VALUES(5,'contenttypes','contenttype');
INSERT INTO django_content_type VALUES(6,'sessions','session');
INSERT INTO django_content_type VALUES(7,'api','image');
INSERT INTO django_content_type VALUES(8,'api','instance');
INSERT INTO django_content_type VALUES(9,'api','user');
INSERT INTO django_content_type VALUES(10,'api','userprofile');
DROP TABLE IF EXISTS auth_permission;
CREATE TABLE IF NOT EXISTS `auth_permission` (`id` integer NOT NULL PRIMARY KEY AUTO_INCREMENT, `content_type_id` integer NOT NULL REFERENCES `django_content_type` (`id`), `codename` varchar(100) NOT NULL, `name` varchar(255) NOT NULL);
INSERT INTO auth_permission VALUES(1,1,'add_logentry','Can add log entry');
INSERT INTO auth_permission VALUES(2,1,'change_logentry','Can change log entry');
INSERT INTO auth_permission VALUES(3,1,'delete_logentry','Can delete log entry');
INSERT INTO auth_permission VALUES(4,2,'add_permission','Can add permission');
INSERT INTO auth_permission VALUES(5,2,'change_permission','Can change permission');
INSERT INTO auth_permission VALUES(6,2,'delete_permission','Can delete permission');
INSERT INTO auth_permission VALUES(7,3,'add_user','Can add user');
INSERT INTO auth_permission VALUES(8,3,'change_user','Can change user');
INSERT INTO auth_permission VALUES(9,3,'delete_user','Can delete user');
INSERT INTO auth_permission VALUES(10,4,'add_group','Can add group');
INSERT INTO auth_permission VALUES(11,4,'change_group','Can change group');
INSERT INTO auth_permission VALUES(12,4,'delete_group','Can delete group');
INSERT INTO auth_permission VALUES(13,5,'add_contenttype','Can add content type');
INSERT INTO auth_permission VALUES(14,5,'change_contenttype','Can change content type');
INSERT INTO auth_permission VALUES(15,5,'delete_contenttype','Can delete content type');
INSERT INTO auth_permission VALUES(16,6,'add_session','Can add session');
INSERT INTO auth_permission VALUES(17,6,'change_session','Can change session');
INSERT INTO auth_permission VALUES(18,6,'delete_session','Can delete session');
INSERT INTO auth_permission VALUES(19,7,'add_image','Can add image');
INSERT INTO auth_permission VALUES(20,7,'change_image','Can change image');
INSERT INTO auth_permission VALUES(21,7,'delete_image','Can delete image');
INSERT INTO auth_permission VALUES(22,8,'add_instance','Can add instance');
INSERT INTO auth_permission VALUES(23,8,'change_instance','Can change instance');
INSERT INTO auth_permission VALUES(24,8,'delete_instance','Can delete instance');
INSERT INTO auth_permission VALUES(25,9,'add_user','Can add user');
INSERT INTO auth_permission VALUES(26,9,'change_user','Can change user');
INSERT INTO auth_permission VALUES(27,9,'delete_user','Can delete user');
DROP TABLE IF EXISTS auth_user;
CREATE TABLE IF NOT EXISTS `auth_user` (`id` integer NOT NULL PRIMARY KEY AUTO_INCREMENT, `password` varchar(128) NOT NULL, `last_login` datetime NULL, `is_superuser` bool NOT NULL, `first_name` varchar(30) NOT NULL, `last_name` varchar(30) NOT NULL, `email` varchar(254) NOT NULL, `is_staff` bool NOT NULL, `is_active` bool NOT NULL, `date_joined` datetime NOT NULL, `username` varchar(150) NOT NULL UNIQUE);
INSERT INTO auth_user VALUES(1,'pbkdf2_sha256$30000$gyUWsgdDfCnc$7CHt5bqk2EmplgF/CIOugFehGrw8Xs616cyt8s1J9Po=','2016-11-10 18:30:28.741227',1,'','','admin@admin.admin',1,1,'2016-07-06 19:41:35.987651','admin');
DROP TABLE IF EXISTS django_session;
CREATE TABLE IF NOT EXISTS `django_session` (`session_key` varchar(40) NOT NULL PRIMARY KEY, `session_data` text NOT NULL, `expire_date` datetime NOT NULL);
INSERT INTO django_session VALUES('xewyw1aly7kb75b4lvindttrocgijch9','NjI4ODQwMmJjZTQxZGZkOGM5ZDEyMGUxMTkwNGRhNzgyNmY4YmNmNjp7Il9hdXRoX3VzZXJfaGFzaCI6ImI5ZDUxNGFmNmMyYTU5NTc3MDZlOWFkZjBhMTYxMWQ1MzhjNDAwZWYiLCJfYXV0aF91c2VyX2JhY2tlbmQiOiJkamFuZ28uY29udHJpYi5hdXRoLmJhY2tlbmRzLk1vZGVsQmFja2VuZCIsIl9hdXRoX3VzZXJfaWQiOiIxIn0=','2016-07-20 19:41:47.358844');
INSERT INTO django_session VALUES('axokph0iyd0o09vntyd7xz9xrb32sbm8','NjI4ODQwMmJjZTQxZGZkOGM5ZDEyMGUxMTkwNGRhNzgyNmY4YmNmNjp7Il9hdXRoX3VzZXJfaGFzaCI6ImI5ZDUxNGFmNmMyYTU5NTc3MDZlOWFkZjBhMTYxMWQ1MzhjNDAwZWYiLCJfYXV0aF91c2VyX2JhY2tlbmQiOiJkamFuZ28uY29udHJpYi5hdXRoLmJhY2tlbmRzLk1vZGVsQmFja2VuZCIsIl9hdXRoX3VzZXJfaWQiOiIxIn0=','2016-08-05 16:22:20.691670');
INSERT INTO django_session VALUES('ope9guo0fe01rnu36ucveuz5kwb9vcg5','NjI4ODQwMmJjZTQxZGZkOGM5ZDEyMGUxMTkwNGRhNzgyNmY4YmNmNjp7Il9hdXRoX3VzZXJfaGFzaCI6ImI5ZDUxNGFmNmMyYTU5NTc3MDZlOWFkZjBhMTYxMWQ1MzhjNDAwZWYiLCJfYXV0aF91c2VyX2JhY2tlbmQiOiJkamFuZ28uY29udHJpYi5hdXRoLmJhY2tlbmRzLk1vZGVsQmFja2VuZCIsIl9hdXRoX3VzZXJfaWQiOiIxIn0=','2016-08-09 18:38:57.990209');
INSERT INTO django_session VALUES('73d5xhggkqip9uh86why4nvvfn68fo94','YjI4MmFkNDM3YTA1ODZkODQ4MWRjZWU4MGY1N2MyYTlhNjg0YTc2MTp7Il9hdXRoX3VzZXJfaGFzaCI6ImEwZTk5Y2YxZDc5MzM4YWRiYWE2ZTgxMDk4MzQzZDhjMjM1NzZiZmMiLCJfYXV0aF91c2VyX2JhY2tlbmQiOiJkamFuZ28uY29udHJpYi5hdXRoLmJhY2tlbmRzLk1vZGVsQmFja2VuZCIsIl9hdXRoX3VzZXJfaWQiOiIxIn0=','2016-08-16 16:52:22.693381');
INSERT INTO django_session VALUES('itusvc0p2slxe2bdrxdyt48iqz07k1xz','YjI4MmFkNDM3YTA1ODZkODQ4MWRjZWU4MGY1N2MyYTlhNjg0YTc2MTp7Il9hdXRoX3VzZXJfaGFzaCI6ImEwZTk5Y2YxZDc5MzM4YWRiYWE2ZTgxMDk4MzQzZDhjMjM1NzZiZmMiLCJfYXV0aF91c2VyX2JhY2tlbmQiOiJkamFuZ28uY29udHJpYi5hdXRoLmJhY2tlbmRzLk1vZGVsQmFja2VuZCIsIl9hdXRoX3VzZXJfaWQiOiIxIn0=','2016-08-17 19:19:05.787090');
INSERT INTO django_session VALUES('3pnzfib0dbrflep9tb9jbq8tiqpmbynd','ZmE4ZjcxMzQyYmQwYjNmYWQ1NmMxYjY0ZTQ4ZTY4ZGM3Y2RhYmJmNjp7Il9hdXRoX3VzZXJfaGFzaCI6IjFlNjI2ZmE1MzIzYWQ3ZGMxOGU1NzhkZTE3MGJmYjFhYzViM2UxYjkiLCJfYXV0aF91c2VyX2JhY2tlbmQiOiJkamFuZ28uY29udHJpYi5hdXRoLmJhY2tlbmRzLk1vZGVsQmFja2VuZCIsIl9hdXRoX3VzZXJfaWQiOiIxIn0=','2016-11-24 18:30:28.747815');
DROP TABLE IF EXISTS api_instance;
CREATE TABLE IF NOT EXISTS `api_instance` (`id` integer NOT NULL PRIMARY KEY AUTO_INCREMENT, `name` varchar(50) NOT NULL, `computeId` varchar(100) NOT NULL, `ipaddr` varchar(20) NOT NULL, `dateCreated` datetime NOT NULL, `image_id` integer NOT NULL REFERENCES `api_image` (`id`), `user_id` integer NOT NULL REFERENCES `auth_user` (`id`));
DROP TABLE IF EXISTS api_userprofile;
CREATE TABLE IF NOT EXISTS `api_userprofile` (`id` integer NOT NULL PRIMARY KEY AUTO_INCREMENT, `preferred_pass` varchar(50) NOT NULL, `user_id` integer NOT NULL UNIQUE REFERENCES `auth_user` (`id`), `external_id` integer NOT NULL UNIQUE);
DROP TABLE IF EXISTS api_image;
CREATE TABLE IF NOT EXISTS `api_image` (`description` varchar(1000) NOT NULL, `name` varchar(50) NOT NULL UNIQUE, `dateCreated` datetime NOT NULL, `cloudId` varchar(50) NOT NULL PRIMARY KEY);
INSERT INTO api_image VALUES('this is the test image','cirros','2016-07-28 17:35:43.675552','f7d64bb0-e55d-4213-8719-1d8d780f742f');
INSERT INTO api_image VALUES('great new operating system developed by doctor gonzalo de la torre','GonzaloOS','2016-08-02 17:01:03.207896','1a76cc54-2fd1-49cf-a422-1ca8a5f46f6e');
INSERT INTO api_image VALUES('operating system developed by doctor gregory hooks','GregOS','2016-08-02 17:01:03.217959','295e81f3-8872-42c6-850f-19222f3b44fc');
INSERT INTO api_image VALUES('this is a real cool image','testimg2','2016-08-02 17:01:03.226744','dc528c5e-733b-44e9-96b8-f5914e694a6c');
INSERT INTO api_image VALUES('','CC-Ubuntu-14-04-DevStack-Mitaka-Stable-8-11-2016','2016-08-12 16:42:12.143865','47935584-b0e9-4645-a65e-8cea216d21c3');
CREATE INDEX `auth_group_permissions_0e939a4f` ON `auth_group_permissions` (`group_id`);
CREATE INDEX `auth_group_permissions_8373b171` ON `auth_group_permissions` (`permission_id`);
CREATE INDEX `auth_user_groups_e8701ad4` ON `auth_user_groups` (`user_id`);
CREATE INDEX `auth_user_groups_0e939a4f` ON `auth_user_groups` (`group_id`);
CREATE INDEX `auth_user_user_permissions_e8701ad4` ON `auth_user_user_permissions` (`user_id`);
CREATE INDEX `auth_user_user_permissions_8373b171` ON `auth_user_user_permissions` (`permission_id`);
CREATE INDEX `django_admin_log_417f1b1c` ON `django_admin_log` (`content_type_id`);
CREATE INDEX `django_admin_log_e8701ad4` ON `django_admin_log` (`user_id`);
CREATE INDEX `auth_permission_417f1b1c` ON `auth_permission` (`content_type_id`);
CREATE INDEX `django_session_de54fa62` ON `django_session` (`expire_date`);
CREATE INDEX `api_instance_f33175e6` ON `api_instance` (`image_id`);
CREATE INDEX `api_instance_e8701ad4` ON `api_instance` (`user_id`);
